Site,Name,Country,Region,Continent,Language
https://mexiconewsdaily.com/,Mexico News Daily,Mexico,North America,Latin America,English
https://mexicotoday.com/,Mexico Today,Mexico,North America,Latin America,English
https://mexicodailypost.com/,Mexico Daily Post,Mexico,North America,Latin America,English
https://www.juventudrebelde.cu/en,Juventud Rebelde,Cuba,Caribbean,Latin America,English
http://www.trabajadores.cu/ingles/,Trabajadores,Cuba,Caribbean,Latin America,English
https://en.granma.cu/,Granma ,Cuba,Caribbean,Latin America,English
https://jamaica-gleaner.com/,Jamaica Gleaner,Jamaica,Caribbean,Latin America,English
https://www.jamaicaobserver.com/,Jamaica Observer,Jamaica,Caribbean,Latin America,English
http://jamaica-star.com/,Jamaica Star,Jamaica,Caribbean,Latin America,English
https://www.sanjuandailystar.com/all-news/categories/local,The San Juan Star,Puerto Rico,Caribbean,Latin America,English
https://web.archive.org/web/20111215013452/http://www.prdailysun.com/?page=news.news&cat=local,Puerto Rico Daily Sun,Puerto Rico,Caribbean,Latin America,English
https://hebdo24.com/en/,Hebdo 24,Haiti,Caribbean,Latin America,English
https://newsday.co.tt/,Newsday,Trinidad and Tobago,Caribbean,Latin America,English
https://guardian.co.tt/news-6.12.0.4f1749cb44,Guardian,Trinidad and Tobago,Caribbean,Latin America,English
https://amandala.com.bz/news/category/headline/,Amandala,Belize,Central America,Latin America,English
https://www.ambergristoday.com/,Ambergris Today,Belize,Central America,Latin America,English
https://elfaro.net/es/casos/ef_english,El Faro,El Salvador,Central America,Latin America,English
http://diario1.com/,Diario 1,El Salvador,Central America,Latin America,English
https://thecostaricanews.com/,The Costa Rica News,Costa Rica,Central America,Latin America,English
https://ticotimes.net/,The Tico Times,Costa Rica,Central America,Latin America,English
https://en.ultimasnoticias.com.ve/,Últimas Noticias,Venezuela,South America,Latin America,English
https://venezuelanalysis.com/,Venezuelanalysis,Venezuela,South America,Latin America,English
https://www.caracaschronicles.com/,Caracas Chronicles,Venezuela,South America,Latin America,English
https://thecitypaperbogota.com/,The City Paper Bogotá,Colombia,South America,Latin America,English
https://colombiareports.com/colombia-news/,Colombia Reports,Colombia,South America,Latin America,English
https://thebogotapost.com/,The Bogotá Post,Colombia,South America,Latin America,English
https://www.ecuadortimes.net/,Ecuador Times,Ecuador,South America,Latin America,English
https://thecuencadispatch.com/,The Cuenca Dispatch,Ecuador,South America,Latin America,English
https://cuencahighlife.com/,Cuenca High Life,Ecuador,South America,Latin America,English
https://www.peruviantimes.com/#,Peruvian Times,Peru,South America,Latin America,English
https://andina.pe/ingles/,Andina,Peru,South America,Latin America,English
https://santiagotimes.cl/,Santiago Times,Chile,South America,Latin America,English
https://chiletoday.cl/,Chile Today,Chile,South America,Latin America,English
https://www.batimes.com.ar/,Buenos Aires Times,Argentina,South America,Latin America,English
https://buenosairesherald.com/,Buenos Aires Herald,Argentina,South America,Latin America,English
https://en.mercopress.com/uruguay,Merco Press Uruguay,Uruguay,South America,Latin America,English
https://www.riotimesonline.com/,Rio Times,Brazil,South America,Latin America,English
https://web.archive.org/web/20160926212107/http://plus55.com/,Plus55,Brazil,South America,Latin America,English
https://www1.folha.uol.com.br/internacional/en/,Folha International,Brazil,South America,Latin America,English
https://brazilian.report/,The Brazilian Report,Brazil,South America,Latin America,English
https://en.mercopress.com/paraguay,Merco Press Paraguay,Paraguay,South America,Latin America,English
https://en.mercopress.com/tags/bolivia,Merco Press Bolivia,Bolivia,South America,Latin America,English
https://guyanachronicle.com/category/news/,Guyana Chronicle,Guyana,South America,Latin America,English
https://www.stabroeknews.com/,Stabroek News,Guyana,South America,Latin America,English
https://www.kaieteurnewsonline.com/,Kaieteur News,Guyana,South America,Latin America,English
